<?xml version="1.0" encoding="UTF-8"?>
<CustomField xmlns="http://soap.sforce.com/2006/04/metadata">
    <fullName>JobID__c</fullName>
    <description>Job ID of the metadata deployment</description>
    <externalId>false</externalId>
    <isFilteringDisabled>false</isFilteringDisabled>
    <isNameField>false</isNameField>
    <isSortingDisabled>false</isSortingDisabled>
    <label>JobID</label>
    <length>20</length>
    <required>true</required>
    <type>Text</type>
    <unique>false</unique>
</CustomField>
