<?xml version="1.0" encoding="UTF-8"?>
<CustomField xmlns="http://soap.sforce.com/2006/04/metadata">
    <fullName>Success__c</fullName>
    <defaultValue>false</defaultValue>
    <description>Indicates whether or not the metadata deployment succeeded</description>
    <externalId>false</externalId>
    <isFilteringDisabled>false</isFilteringDisabled>
    <isNameField>false</isNameField>
    <isSortingDisabled>false</isSortingDisabled>
    <label>Success</label>
    <type>Checkbox</type>
</CustomField>
